address,tokenID,amount
0xcB00517eEaC61c467324282f9ff9004f652DbBed,1,9
0x81AA2957EF847D644Ec8Aa96522A584825a1a278,2,9
0x55564974ab494Cf1823446575302EE4Fb4b36754,3,37
0x8Af80c0d123ac669666776d7Cb0FBb96ce1F75ad,4,54
0x635F0c3514edF3E72CD7Bda68Ee15B615b77e0AA,5,52
0x697920A37DE3327D273Db1d3A49E9E2e2A312AEb,6,90
0xD486409167CF7cAd24B52D308B1A6D4D55e023CE,7,53
0x91454388AE33430acdaE05B81bd48C236883E4d3,8,16
0xE043F5416127C712C92c9307c577bEde4Af19A51,9,98
0x3F92801F29a87E8Fd9d31218B6857C26a85b415a,10,131
0x731ccBee6cd0b6f8A41EfB4fcdea28096a904DE4,11,30
0xE3051853a750258Dd8287FaaD520FdAb1d518E79,12,136
0x1545310B8918C7dcF1D904EAc0Ea0ce73c0c62C0,13,35
0xf52eD7e8975A0dcBef993aCb7a3a42742C61Dc20,14,90
0xfa2e78BF972346882F12Daa6EA2bd08eD5a7035d,15,80
0x806da088c8a0aB080C64cAE6b37a4FA26afa8550,16,239
0x4572748636aB4434e63ae5A8C37F6f817a768A6b,17,199
0xe8E96bfBB3bF63dc812B0D4d595c22e9cAF99B41,18,105
0x0771adD8Cefd997D53Bd3a9a36484e76E077928A,19,264
0x44DE173e77e4A17755bD90C7B724103F43aCb15b,20,195
0xF1686B43cF102725592E3C3492b8115B9283719b,21,170
0xBeE7Cdc26B6Dd19a072265e26F8C987023709e13,22,282
0x21040ec829adCC7bD9721248B3034cCD491dd2C5,23,154
0xfe30805168fA01a3f13AfAFCEe5FFfC0e8D5E46D,24,378
0xCA6728aAC5667D8c3Feb720f57CFb0cDa9A6F4ec,25,379
0xFa9800930A2576eF51f8E9D961c3D19E53749408,26,254
0x62bD2B943d2583DDB3Bbf4C12042567d12F4C887,27,74
0xFA016e88789bf8cE3e99FDE92FA2a3b337A82130,28,384
0x89E373B9Ac40AD7f7D3c1A056F1bd5959fb6c593,29,118
0xEDcD059092F17D41c6421219E7d830Dcd3322f4f,30,442
0xC3a172d7646420b5a29651CCC8ac11775EB5ad22,31,376
0xB72Ac63b5BC92e5016835C5D4f31c0BEEc76583B,32,104
0x8fA7eEA085985e284F59B06dA7585110975cc371,33,250
0x37139652b8b7a0a96D4583a4Dcc209957501E9B3,34,525
0xc4724FD1FDeFe8319E8aD0Ba167Bf9E4Db91229b,35,422
0x4DbAAdC4D235cb6B705C1910A0C27E85BD238858,36,504
0x2f8eFB59898b8782617d531fAd0e5BB327687871,37,143
0xB4b9E774095E7ce8445E464823bc11b7A8b25956,38,32
0x991440d056bE8e1a9fEa67459b6B1C8dd25a8aC4,39,35
0x5D3C8c060913A9BDc949e1D9c6f9105Ec08b5fb1,40,346
0x7F786D14d968cd6A4b509e2cE267D2440761bE80,41,177
0x1e59B74e933d52c39197128A001b6Ee2e2fCfc94,42,537
0x64C193164e38499bb0aa9c0a8391310Ad0722888,43,443
0x595E11E1bb75256Ed83C1fadcFc629C56104240e,44,628
0xEFFB5CeC42e6B5c38c7B31d090a7B871FE071DDF,45,352
0x11c2D56C34B4c13C7222E30274c78eea389F7015,46,460
0x546b8527923cf9624BC49681E2fa66bC5b12a34c,47,540
0x298001063c760DC16C43f5a93313c3C2abB73a18,48,525
0xE07709eA014bEc17dcB78eD0F10B88c90935f784,49,573
0x0E9ee108cAE88b6fa872A63bFAD7bB8BFD857F64,50,765
0x37B158148F89EC49B00d4B86938B0912D5c88bf1,51,390
0x5d48e627d287a8E1bA939C401EFE1d2b4bcC9899,52,650
0x990ebA32f0d856EE835802fbA47F230Ed5d0A43a,53,826
0xd082ae711166Ce6D004fC77327e5CDdb8c0AcB08,54,420
0xed0778cf99a6C45b713fc9250813806c9B36a8ef,55,163
0x11fD714446A1073E9b22767f4E12981f2FC0c2B0,56,451
0x67c7B73dd1747C4aafAF0D23F084f9E212e2240b,57,553
0x191e5E7C2325E7fC42185217081Ed86795A828cb,58,259
0x644B4518dc3A4A8c8850AC1ea11778B1CA1B5732,59,634
0x30F73338c5C1eD7c3EE551A82068C4390DEe22b3,60,78
0x878111A493CC1ec477De55DCa434e4Dc95f6f6ce,61,381
0x8f2E4ADCabe6143b699414D850f1A27d2106D76a,62,618
0xf061E265BC502cD60D63f75acD6C5aB6ffea5dCC,63,73
0xa0F5012D4A5113890Fd3194321F163a14a056c71,64,202
0x2776BDEA5f9C089b83488CAD0724f3c70fAB92eb,65,193
0xdB647Be824f6C840158EcC02Dd750E554fc43A3F,66,731
0xaa201c4b150E4Ef7c549E58DC4E9a3C86dfa8c66,67,373
0x75dbC300EB10fD5e720ea4317609e754F4655e7a,68,1044
0x429ED1081c3CBbAaCd8423b3B47A367f99198Ef3,69,247
0xF7a55010Bb6e0aaA2540624292990C7A1ffC142a,70,573
0x758314f700e9d6114f549DFc13a2a88FfeB9f2B9,71,715
0x5e6022B8B0ff57Ac0fE496C8926b019898FA2DfD,72,453
0x947bd714F7c215Dad7c9EE27F1E314026f3c3F58,73,70
0x45A00079Fd76792B1F465D24a0a476cBE2689898,74,547
0x4Fb8f0fa45213A00f55702E9dbe9e7938C10387B,75,895
0xB810E66953eb9950d86f8A0Fd71E3CE6598dB6fC,76,929
0x5bC5Fb03a9E1717844357Bb49d56E7c37D495c9C,77,721
0xe1fA8B8799fee5178446Da1cC6B18802289386A8,78,313
0x1c7515A56705195fBaf91E7b6D896D6CfCb0812e,79,676
0x33DE50b778734453a9c77181DE935E365fF3911C,80,317
0x374aa8cFb2dFa4922756A2c0Baf6Cf93B040BB86,81,920
0x9E3365F64a3BdF8dD29caDdf7D72E007fc01C5d9,82,950
0x862eb098fc7CE9Fb9D4dd80Ce8cb0fFF2c2BE230,83,514
0x108f221d7cFd671e709108a6D7f64B0D8c2650Ab,84,608
0x66E96DC3Ce0492ac07601191528358666dECD779,85,1269
0xE628a6119C6A5Bf1C7e52ee1B8Ed8558842a28a3,86,155
0xDc07bA536E297698452207Cac81c4FA73579595B,87,866
0x7319a227443dFF9DA3D97CCC70d675A6D1454139,88,1309
0xdA705179D011Cdc6a27509336Ef3CECc69717d2C,89,533
0xFa70C09C00d86623Df02163E6C1c5d5aeEEc175B,90,1304
0xd149aED87FbF6b15a60EE038e4AB128182236541,91,26
0x07FB3789a30AD580aeaD2A45d6C348E816b941b0,92,563
0x73E40AbCaD320205fa47bec32649C2E86FD7E7ae,93,1174
0xcE703f91e065c0375210689Ee2aF3D379406F081,94,871
0x79efF75f5573Fb5Fed1aBA92C5e1224ccf73ff65,95,181
0x26bAA82c4d7Fc203f6daCc7455bf1665BCe7533c,96,133
0x224C6F8EDdD5A474fe9dac1c4DE704b2167FeD2d,97,257
0x17F990A1D511183dbf5C65C7FF498740236b4126,98,739
0x4259BC27F9dd1185D78E95a44f96556044BEaEf3,99,686
0xc89321e51139cb794a4c0D9e39C3dAdEf7E5E3Db,100,1479
0x268aD56cD4bFf684B79Fc97E8123b8977c7783Bc,101,465
0xA38F5E2D341C5491f8EffFE3247F87D7e6D4F315,102,1119
0x9E6cb9085E129cD376E783fF596eAcf02bc56af8,103,505
0xAaf9D3c8EAf3a1E11b4AED205ef1810f3B6541d8,104,227
0xED8382E03A45Ec8766De8283a72188B79A7B17A7,105,514
0xaF6e0FA3682Bb37E4BC5170856f72F52F0EdCd84,106,1238
0x96E23EcA7c59E65e626A81c79aad19BEE3d420FB,107,594
0x67bAcBd80AAF6cF83163b1C2CdD26A7aDCDcf990,108,60
0x875F5EC99cD23575c342F72acFD9809422E64779,109,118
0x2b649DC76ce3450d2Df75f57A6EE879B8aCC0599,110,836
0x75De34c12C3d7a9d91Cd15d5ec459341437CCc1c,111,974
0xE01cE964d37528Aba7531e875D0f0B8BfE0f2605,112,1191
0xFD4294215D0ef79F68e5a36b229E2077E188605A,113,1557
0x522241325b94456Ae26745bd326c27A8aA8c055F,114,421
0xB558d3D0C78241DEDb3857ab091896413bB00Cc2,115,749
0x8878DF32c4976FF4bB0aB6BF50735aCD5CF814Fe,116,595
0x80504674E01B11DE218E150049018A4Da5569978,117,617
0x37E4fC665922F68fD97E7aa0Fb1e0c859cF8178D,118,1251
0x33fd69cC1B2af95D25DB89d7fE88Caff7b6DE33E,119,1098
0xC66994923CB39f6A781E69195E0cB886De2204C8,120,1518
0xB56f6Da8738d902d078E192252910df44CfBEDbb,121,1604
0xA842DdC0290F79f539fEEDD00Eb8E6Ec994cf31C,122,1480
0xEA60E8a98A66A6707a00556BFf0ED98ABad758E8,123,26
0xCF8e12F2E26CB4c2DED0cC5Bf019B2a9001ab33B,124,872
0x666E169978D775B527dC07560768438bD6AC159f,125,1297
0xACFc0819b4526cd90E12AE2aEfe1Ce06FC19ccD6,126,59
0x29f98cDF7b27E1e1f41917a29f6e6823881d7646,127,1613
0x7cb06491CC06E006828dD4E858Df46f3d64F44f7,128,1272
0x7297B3324bC1f48e3535F1E563dAC4b0a687d22F,129,1924
0xb8fd067Ae471374A2444f9F6AF593c0f0db3323E,130,1532
0x36a75CbE3C68D6548EF6314f5815Ce46eEDcF7Eb,131,326
0x6b5F975fa7d9833696Ec03f8034CF44b5fF8091e,132,671
0xCf2721bB8b9d262e169CedB113f6ce21Afd6Bfcb,133,941
0xE448095b246aa071DC83F5415c93b0702b80A955,134,1571
0xBfed1447daDA2F63cc78b8494e383B091AfD373E,135,977
0xeA951ff9F931807B1C18D93E109B77349D0bb701,136,2069
0x99E6d410A30054991c4F81f88c96114d7762dafa,137,819
0xdc8eCf6C8CAbe6dCC9540C068A6caae4c76996F9,138,30
0x7a47071f47c60811BcFD87182fcd0379C3899506,139,1020
0xd1DcbB68E5a90F27e92F6662a4675Ff69C10d3C4,140,1351
0x71bE8146bF68fcEEb47234F9B0a910c422C8AFA3,141,916
0xfE9b7cb4Cd55CA594F1ce9CF8D8c999D0cAFF233,142,1298
0xE3f9097768aaD7Ae472AD40Db785Fe9c7aFA615E,143,294
0xE76eF98B100e0FEfdccCA97738F650F6e61935C7,144,1939
0xBC6b114fBA28A59b5DBe3E98b9eBa2C4D1B84Cd2,145,1751
0x1BC84F0CeDcB5C1B684148D13D8db96b30B57F0C,146,623
0x59FD45D4E5DA344216B1BE41250EEcC82975628f,147,1430
0x317bF6bA66BFF704aC42e787ab9dD0e99A302d87,148,108
0x730F1753dC0FEB6d77750f033E5cAdBAB8995D33,149,1009
0x17CC45Da78a2fDBD55FB5cb566dc75b96571945F,150,2275
0xaC0DB4aff3572160f11b35126dd3dFC9bbb2EfE2,151,1030
0xf647F490eDA286FF1857E1f33d2B24b20c8bDb08,152,2204
0x1dAfc5c40bd385fBFD843EC87bab5445668D0473,153,1869
0x1fa001d9102CB454D56995Be24c79242bbFe3BD3,154,128
0x74352b1000f85B560DE2Def1100d48f8620cAc9E,155,1259
0x08bC88a609848b45d6Db15817D8Dc52523Bf7AD7,156,1790
0xF4b7EB2cDc218722Ce01a8c775a58e0FcD5Ed39A,157,390
0xfb0ec88324553Aa57b7137c06f5Fb7Ef1a668738,158,1109
0xcC4D5F9B6b152233C4b931E77E65dB62AAaA3fB5,159,1111
0xA4e684AB7EB08ecd0Bb9A64762c30d3b9901f9dB,160,2009
0x9c73DC4a18626A502f851c970fc65440C715A500,161,1385
0xc12DaeC3A7058abABAfC27b44c73eDa3244908a3,162,679
0x91C5667e835D42E438bb5A467dCb1Ec4B325d485,163,728
0x8D2f04442ea0E3E7B545d326858fF26705731c66,164,549
0x5A5C7A548366ba368831E316bED870ba360df425,165,409
0x6305E15Ad7458fe13C1C3437BF71c8bf58f17Dd4,166,1168
0x3ebD61b096B98398752072b2226A8F178680eE7F,167,453
0x10574B3bAeb1EC46d2ACe4FF5452271E2Fed3B23,168,897
0xe895aEE02d6b41b533C2Fcd89f0C2C460fF2FEC7,169,2300
0x50eAA07F5103bb30b04230431B2920a73DFCD62B,170,2544
0xFca117b1b779dbC27e87d5bc9fc536F8Dc8A82d6,171,2260
0x024C003938C955979B6beb357Aef53D8ef0e9E68,172,1431
0xe46d425D7CA2713a981D57B1007Fd973a7767F3c,173,1564
0x83adBacefFB717ceE5EED5976137DE1d332f06a7,174,2076
0x1D79cb6203C31911561b258eC7cce2421020274E,175,893
0x4Fcf99Df5be03b628101Ae0Fe5d5ef61F2D66b4F,176,1664
0x097197A5b3752ab408a304A8eaC8063770a1aCB4,177,980
0x40d872fd34DD5AD4978802f3a9D4d2EF30bc26AF,178,1719
0x62f3bB887ab0bf01CBe4426f3Bab23f2Cfb23Cf3,179,367
0x8F04FA15c1De63F1d61c5965f3360DB3A69B880B,180,649
0x83DF1A7174017477706AC79d642fA99659ada88f,181,5
0xA534c95c7c9ed99BC068Eb32B54EA621aB33497b,182,1577
0x85F09A45D7620e0147FaCc47aE6Edb0fF286DDB7,183,1144
0xCaa073b46c3A60EDAd866537DF6b703Ce570b4ad,184,798
0xFBb7eF657e22A40862B184A58eeb5F5D0c14Ca09,185,2822
0x90DA2E2bf8FF995a912A46bA66a096585cE67f77,186,545
0xf869D41C189CE0512E3538A49aB63FC73a49Df23,187,717
0x8Fdbb5A2905E98240f9d522C645B81Eed3A663D5,188,1339
0x56E5c994eFEC40be10a89a04467196b773C49448,189,402
0xBF71A10B2fb658223D13853e85452A7F6223D1d0,190,1030
0xdbb19b98240Eb639DC7955eC995BBb3e6E503b6B,191,208
0x1Dfa0A6A94de727ff99B2619238c735F4C4f3194,192,1276
0xb1Cea249640088f4B94839582B258b19111Dc3D9,193,837
0xB76212a4C15605ea3c4c7C7E58Af54d19256299F,194,376
0xa1fE459450065CE346911b82963D40581b99eD61,195,2185
0x41672b9E82Eb81f5Ebf49FcFa01fEfea301B93c2,196,1932
0x87E59564275315F65148d67617A9dc263162aaa1,197,2442
0xe3eCA1182cd2A0672047605754078E89f0A2D0CA,198,2851
0x571636f73Ff50647e59755543964eF07CC13aBf9,199,2961
0x05AEd6a03ed967d22Ac9cb9e3C0175DD05a19A46,200,991
0x20D67C85e5Ea8Ac1d93D50b80Aa7678b191e7c33,201,2168
0x691fC993A857871B954538FE139F95F6C570aaFb,202,1593
0xd3770B92A3b9a477aCC4EE348DDC32D9bFF69c62,203,2727
0x0483516b6600492cA2300E4F4Fd97045Bb652472,204,755
0xc864B4eaD736A1ff33AA698a3C3a9e6301174669,205,2680
0xebC74D9d31F64AA08FB66308F47130929a308886,206,1837
0x69922a556A37b41e02E0370ed760E5d61F587521,207,1450
0x060aD4480c6D911AdCA78Fa7ed1b58ca3F37bEF0,208,2533
0x750470C52e30AC146bD1Caa274e100944e45Ec41,209,88
0x6CDb6357e7173f9Aa6B2f3eF8b60f71f02419db2,210,1630
0x8CEFE4202923Ea23a20BFCb1c686Fa9fbB68306b,211,1216
0x857994439075f8D859BFB7B194a1d6198548779c,212,1032
0xAC242d984fF521b3B2484d743D942FEA0195b11c,213,2211
0x36012552552638AfF75B4f894B11155926063D0d,214,1035
0x963ED6239445fDED0832ED214f3bC14CCac47e45,215,2251
0x17B38435250bA760f858E99D7C7e6c5Cb0f593D9,216,106
0x51bd0691A7d91069043c3Ed91221540272D4E661,217,1069
0x21C0677C303E33CbaD5eE2F6f34715F2BfE6620B,218,2947
0x39825d9b57D240568e4EF3C836c54742ad707061,219,3103
0x861BE93F472622882035341Df0C8f4C9CbE7b1a8,220,377
0x8eBF45a0dE384f735eE38CFfd6b59DA8134db1b1,221,3217
0x362AF6557e6B18f4191bF846c9c8592d51A33CD5,222,1781
0xb0a2FfC385e891361eA778C68CbEEF57B3a35CA1,223,385
0x9e08815869A86dA2DF4845f9b57C5CB7FF3f1912,224,1110
0xc50e9E8C4b079723dAfc5eC3E5f2F1379377Ff95,225,3215
0xf3EDB6f0CE9d49a647B3B09E1d6984772feBaD00,226,844
0x560622e89D705b572232FA338a90380BfBE52473,227,3593
0x84B05CC009b112826DDb16C4cE0a323dD796629a,228,219
0x82532CE7680972052C3Fe0fCCA2A54cdE74D7C3F,229,996
0x78a8790FF1eA7121bB80d01922B910a1998A5fbe,230,400
0x867fFda192863359DB494A6F466a5C3F7002c4A3,231,61
0x68A97A9DA3C944402b2392145dF05B8cDCE34be9,232,898
0xc0D88c5E1d47e4bB36CB9ee40B6dB27536196007,233,1060
0x01B092B6Ef9FdD140e3c0AcB8a6Ebeb950659e95,234,2463
0x1Fc4Fb79960fCF6D984A6622A86fCF069cE56a87,235,1233
0x08752FB1efdc33c821016795500a224BB4680FE9,236,1718
0x5B4fFD4D76Cf7019384848d4252a7868Aa611437,237,1707
0x4eA006a3cC7071dAc4854291Cf120eA8511f8657,238,2698
0xcB59081A03aa4098B1cb53563260F36657bD216B,239,3044
0x19e3a92F43cAca677309f4A5a1Ea2FdadB2b745a,240,324
0xFC17C84473786D386E836c6Cd86416Fe58A10B27,241,2215
0xF58b7455ecA62760a7c97A770d8eE0015AeC2941,242,2227
0x93fF18A9284eC1273fc017d6aEa5156E45888BFD,243,1928
0x53fAE38D23fc1A9430986391380cAD78D4CB8D83,244,2885
0x3B36B5e2e889BD74E1b2fad85ccc3a15faC72978,245,1874
0x62e94a7c6B2dCC4F629048aa908ea86C7ac0449B,246,2959
0xF540bB25280524CEAD650460b514f19c5ef7E45C,247,1518
0x74Af3dD5497b0fB0004c4BE8495a27f0AA0CE363,248,2905
0x740aa0C04Ed352Ea7350AC184473Ee70e14e99dd,249,3212
0x0bd6867FB4b3222B9B878746A23Ebc0c54F47df7,250,791
0xe30f7fACbc9Ea6615E263EE5C6Eca05A6957b6cF,251,3828
0xD85293CF69efA5C70956924458eAF2065ACC36b7,252,1738
0xc83c49640f6Cf22E7a767d26E0924fB05540290A,253,1989
0x0319d9F11Dc8E5fDAaabCb559156FF13339C27d1,254,730
0x1b835dfcee13272943DdedB7e1ADFe1C03dc7ef8,255,1418
0x68D6Fa63C6c345E14Afd22aB30FfAa709F03E8EE,256,3813
0x38A89492C5F06df5b4C5C54367289852B8559485,257,1398
0xac0b3D6546a0b2322079D3b4cA0Fc27fbFDdB55d,258,2876
0x2bfF7d9414e08e8EAdb36a4968f04250AF4F0bc3,259,3536
0xab663E2C573a825C36eCF4ca9F20E2fcde24Ad82,260,2508
0x875C7022956589dd4cb04d53C3015Ad23D116C1a,261,1404
0xdEFab8dBA44B2C15c86dB5eEc273BaE6D1E8d32e,262,3627
0x3286b036894889Ca5288f520D2DE978d3155A096,263,2403
0xab345e7278be9355Be203eE627F98e3d972298C9,264,2685
0xe5b55F7E9c496fbC1602A197F40D289A54D72FF7,265,5
0xB7d32bF22E875C58734Efa26A6888c5FC4019cD2,266,3193
0xC778F9E9170917dA5C7dd1A377c1a8d4be72FAD6,267,4029
0x96f9d078A76D166e2485a075C5411350AF40b514,268,3654
0x23936c37d26CAa3e73B599769F05A03A7d9F15f6,269,1104
0xD66C439bcF5326FBb9691b70E438cB1FC9317284,270,4307
0x5073dddB3031B761d4fe3189fDE1C703de8B476f,271,1972
0x6ec4B91847Cc372abc14BB3955D5bA642b116653,272,3243
0x00FbB1abE5b6B1a6D81153ec6B7be7cC956ef742,273,322
0x0cA21DDcc4018952b8E05C9CAb5De307F8d98Fc7,274,2629
0x2D2F060CaB5Acb64EE150b8bcffb53675BFBB6E0,275,14
0xCbBfAe1dB6eDaC7d9e386F2Fe583AC3946De5024,276,296
0x96a4a139E6B18Fb7Ad01De5C1615a6581a344D7a,277,2727
0x3B3e90aD815401219c8E6A71EeD86C64BC4b60bd,278,2509
0xa9ee6501424bBEcE064515D3bd98e9D33aaBF07D,279,3504
0xf18d70a8A52c21D7D3C259117cfC89F46d73F113,280,2576
0xb7E0e0F421425d0512280B4b6A0185c41a24DB6E,281,2638
0x6C3aa6A965E2eDA8eFa9F120757f0a87f8d0349A,282,1672
0x3F911258D655c2Ea0d525ADE24225afCEa54246D,283,799
0xA33e8477345AbC04aC2393db1aB6Fca4A5d33579,284,4523
0x8408730363c08Eb0ca7DAeFd1dEbbB242e0c0346,285,3954
0xCdfbc08084A91C0B84a57dc7030487AAeE8D19F8,286,1496
0x4c4F734C1dC9C2d6e45374cBC57f4E5b33EB1f34,287,932
0x8623EDE2D0D9ECAF27abA90A1839C5a4512fBbF8,288,3190
0x07E0422d5a3624b1F2E1aF4756AB8957c9a23666,289,2953
0x70677C6ED357225F53A4acDA8658EFC027738439,290,3740
0x6c3face649C1dB0A39647d18bDc8CDd504A41DB4,291,1770
0xe112eDbB05997E8771CB5AE37cC7c38a3D370D55,292,2287
0xd249d7Ec569045D01D49f6539dF11C9066d9a084,293,357
0x0Bd634136bbE006Ec0F840677e00e4f84f260A04,294,4147
0x6b4F8f8EB97DF8F1A9A510Fd68C8Ba333609F61B,295,2460
0x3a18b9efC939eaAd8FB4e0224Fb54CFF2c3F7E57,296,1159
0x2711634f7D34ce1b25Cabc3cd2dB67e0E91496ee,297,3600
0x210954Abd86572a516cc971F53d6f264f336f1b3,298,823
0xADC5ABb7387Fd568766e6372200132C25700cED6,299,2017
0x13541C246284776880863caf41D91Acfe8CEE1DD,300,4544
0x7686d231cC5FB04Ef34d33FD429DEdC97775E7eA,301,1165
0x1f14d6DDfD3d369cf4e1D9cB39e73883Bc02C045,302,147
0x441e588EBB5a3DB139650D2CBEcfd096aC15e2dC,303,299
0xC071c8c361F98dc7D433569Fa64996ac796A404B,304,4769
0x42F8F16d964CAcf23d032B05879d8a9921A11a99,305,4487
0xe2888DC7A10a6775bbF380F5ff350930b61bc8Ca,306,4325
0x5d71f0cF8E2251d73047aa65522292f0893149E7,307,3094
0x64F120A88c00c9d7f7075aDE646588Be97F4579e,308,957
0x42C4D2bD551c29f1be34Cc3039359Ef9A4E90A0f,309,4259
0x1aFF60085eF9937E77E9ec92410DEe53be43D832,310,2618
0x649C4432bc419f9DC8C77A7a95aA95feE5121581,311,2684
0xF7c772267F80D43cB7267e8A722c4b6C639aA1F4,312,4734
0x379881cA5D93344F45bc21894431e23d511896e9,313,4101
0xBB5a5BCA89Be0c0132eb382508D3e8572b797476,314,3770
0xFEE973288d34532256A4254F14FD9Dd519ce8BeF,315,1350
0x813aD4dA2bf9F102a8E71923C551764745F5A7Fa,316,4833
0x75F9B63427630Cf1E3cdc60dFFfA7B6D74451e1c,317,4995
0x8009D9ac477a7D667A2097cB012ca1c417a5D813,318,4690
0xb1F95Dea82B26dBe5334B49Fc3FF83B5ad8DcecE,319,3099
0x433e1337b9f3a0cC6B854c1f1f82AA4508E14046,320,340
0x9428C324a0Bb88C85cb2b868bb51a8205A4C62F1,321,2713
0xaFBcD5E584b0f818bd944291cFd823511F169025,322,2946
0x3EBF267a44c7A1DF383AbA50773477269B88D7b9,323,81
0x0a39D075e883EB62eb686Fe2225d7572763D1ff1,324,1360
0x0B071B9f727e777C22DAf689F522B01fbeBB3efa,325,4204
0x9687d582368638c3D8B983a8cBDA55eCc9A5D6dB,326,4882
0xEf9f2B79a4031B67F09455d61311eb32dE305916,327,1825
0x0151cE4A0944e920eC9e08fa474009F664e3cB9b,328,1522
0x19C869431DA387dcFDc2D2cE064c12d3d892Aa90,329,3537
0x2aafBa9Fc7Be7bE08f7D16E07376448A48dF8069,330,903
0x1355F9089F0423259c81332608648de5207A89bc,331,1340
0xD6e9094FE981ef1Fe2BAE968793B71345D0fa7F8,332,239
0xdCCC6c168d5e5b5d8C01e59a322E28fE09EeB3b6,333,103
0xede18577D71fa7B73B4d4dA0Ae4507f9748fc686,334,1617
0xD21666E270C5aaF41CE025800C736eE31DDEBa2a,335,2548
0x477A97E8F300b7612CaCaFFE87BE6f6300Ef7Dff,336,511
0xe815A9c03349fea151e803A6D1530393B779BB6e,337,5029
0x11261C1E0a79B38167f54675705E0dD447797a42,338,2092
0x499aB197580E702D24AD2c6C69f01B790aeca83C,339,4355
0xfe216582436fb2AC1b356e5fD19222C37ab54214,340,2
0xA9408e9b0A560af5276cD145f13c036608093F3f,341,750
0xac5dC267f57b328D2aBDe88dC014E9244356dA25,342,4237
0x3Dd2fF4d661760F29aa57C9beD4Dd6544Cf27715,343,1221
0x2d65c576F20d02D34A3225C17e1C050D78626D14,344,1494
0xAaf486dC8c7B595B9545154eD770311D57ac79B1,345,4257
0x830E869bf92e0dCDADC05804dFa24E05D1293f28,346,2548
0x864C91A6185EB32Ac26889bDCA49667FE00DDD12,347,1110
0x873321B5bAC63082cCD556fB43a59af4232E0Ef4,348,1299
0x1C9eA048B450722550436EC73890155b956A9B25,349,5442
0x0D58462aD588ffF7eD4af37392c79147BB78a214,350,1442
0x184C9Ba265327E70FA868A67C8eC85d322c2182D,351,3920
0x01Ac99326912656D15ce4d5f0A4eFEfc788021E7,352,965
0xF718Bbe567D70474D0e0A0e52703F2634A9a57Be,353,632
0x76E2C40DcE0E5a92DfB49BC16727d3d12C772D86,354,1994
0x46906bb2aE534CE00Efa9577e64C8C0713b22716,355,5485
0xf4926C97D209fBFFE9ba42aDcF56b8543896E1b1,356,5
0x82E87ceD17119E1A6C7D17A11d3C44d4A7718890,357,5234
0x8ab1F40923a0272cB378D6102B780257B726f293,358,3915
0xDE5F5BA258f7021b9dB4AF6E8DF6be2E87E55bcf,359,5191
0xBA9eac0775A7C76C89df1631A5c9B943EdE50E59,360,3366
0xb4F107b4458E76a685C72A8cE271b74CC58fEAf7,361,4353
0xB1D800EC9F39876854Eb83876F12897752f7287B,362,3636
0xD257b330E8AeB462FC0437B4f8163942De4d5Dd8,363,1734
0x71aA8ae1a37592b407Ae4772a92baaF188fEAE21,364,1312
0x466d0DE837c53D93c9EdebfEaF8aaa39a4Cb6E9a,365,2916
0x324B326E1dD4Ca8CE57673f317E13458024e9E90,366,3009
0xc370656C5EF7CE7A6d8BC274F7c384204278Fc29,367,3774
0x6DB7E87270C6eb3E658456e45421AF63Bc528c06,368,1102
0xf0ACBE58DBBE1C75987f17569bb27A1f809C35a9,369,2128
0xd74550a799b8f893cfECB6B8D7073989eDa1f239,370,3794
0xBE6D8bA631aB150EBbB790ee47CEe3c1a99Da57B,371,1418
0x1b9639074b828B21ad6dEE2baD6F263BC6f6102E,372,2498
0xA9b1C1A723F3eB41b65136a062B2fA60dd194A2F,373,2430
0x203766d308f0a8b2D354BE2A8DBE67F69b105276,374,5352
0x85908832E7222957792702Ea6A5815edE6F0b52A,375,2964
0x09b8f28EFcA0E8cbE4762416B9B9C2E8Aa1baD8d,376,1249
0x66E52D8bC471dF9c230E96Ef212406C1389f9e51,377,3767
0x71629AA3Deb500450c5f0CEF5a6175261b963EfE,378,5266
0xB11062BA37d90dB60c68E3e21d16086Ce6f572bB,379,1814
0x9A5377CD9BcEa92aa75C1E9C9Ee16071Ff668a3B,380,3135
0x517037069FD8e6DD891F41256b009A5976538BC7,381,3176
0xab409C460072A5BB83bFA555F4d0a6459Fa88d04,382,3146
0xADabec0E2d5fd8F0ed743F715c3fC4c1f514acD2,383,1623
0x918EDd0AdDaeA3c351552f4fE69882c1399B1EF4,384,5856
0x27850250d3F5a1f79a2F1f0C999A66CdBEEB59D8,385,4117
0xb82F5fb3a6fe3bFaD2F8b1decf71D922a1d451Ce,386,235
0x065EDda72919B0487B9C78C6Ac33cB747A63832D,387,2424
0x8B9EBeC8f8F47beDEb9a4Dab7d622F2fa739df40,388,5361
0x73593bF4c44887785B702D81321d419B875d8DAa,389,4867
0x862ac705557B77997a95bBd5e858D41673dCB99D,390,604
0x5eEd1ad6B64adB515eFA0Bb7297F4643D86058A9,391,3122
0x560c7280c741165B20c6Af6E742dDdCf58b6AF7f,392,3469
0x74EaCcDB5ba3495539c1c424607e3F2Fce2c9b71,393,684
0xaDc687814B5A518D109E3e75A39E86C0b66B8E19,394,3683
0xb9eC67DDB66106DA42E3Bacd5c10642d56eC31E8,395,6308
0xb352b354553B94167B8C960E2C56331294Da7fdd,396,1305
0x949eaF14Ac74238C0B03FE4902b33a7c4f3557c7,397,2257
0x2D5892bCC7D64b35e7b3f6341f00d907f6E1d3E1,398,2462
0xcf3F41F6029086eF322B8BF15E37401E8fe077A5,399,230
0xfB44d4264994FaDdaf75f37d511E4DEA1FCe752e,400,2562
0xB046E4fdFfE09771eea214c3a63d1238EcaFbA14,401,5697
0x31aC7e9667e295B34D5638EE518FDdBec4249A35,402,1312
0x3EfC2A03574675937a90704AD02c6f26809529fB,403,3919
0x2e76EE8ffCC7FEf866811E5d6A08EE1058551528,404,3224
0x9F64887cE84b3D9ef456D7E7f45018dD02e1a2F4,405,5869
0x83500477DD7d4DAF0427cD0A967AE1b818a956d1,406,1935
0xF97f30f325D1470bE079e4244d57e33D0a256ed7,407,1481
0x5cB934dd60C64720A0393FD28e658822BB046BBd,408,1787
0x9530b9CB84C29e518538795336e2ce4d858C7c00,409,4526
0xD154c3Dc4695a8895CDF107615f7bC985EB09270,410,5342
0xc1f7e73e557CB9148953D615e0B27393cFEFc3DB,411,4319
0x3A21F665f70d6fAb9e72f068849985267C18bBd2,412,965
0x45d6A3f4968821DfA94158577ADF0F9934c1F67D,413,4353
0xbB7A42E004fb1874C6550d970b14f2e6E3c202Ba,414,2698
0xb19A51F0c7b3Cbbe25cD89267dAC3aC9b1286d1e,415,1000
0xA7f8f3E2cC2157B0CA74d843D008f249E3cca0E2,416,3641
0xC8061C24b9d1f209ED5685fE1B240A377E6450dD,417,1016
0xdc23F85a80017DEBb186839D59291fFF0B28D37C,418,6522
0xA6294B84017710821BFF6046CfD0b6e36Edd9f31,419,3086
0x7aB46352d083d37Ab6ca5706AA9770D761d1e562,420,4810
0xE2eE169A3158C699713552aefe83bf6954D96474,421,861
0x8D40f7564Fc758f9e55ef3A5fab5b084733a9b7F,422,5135
0x51EeDFE6a3e5283eA39E9349EB5C23062Dc87697,423,6062
0x3a5C5318C2627391c3da96432d70A9603b7f905B,424,1869
0x59934736d735d6c9Dd665C57492566db80120EF8,425,3038
0x43e5822717174bD73C2674d80492F089F6e02D74,426,1056
0x73AC9Ece6af359c2D808DE459e7ac73690261580,427,4491
0x396133Ee198fb80f3CBfC6e946c918eDF0066815,428,6295
0x8D741784a0d3ABf59374E61b59E79Ec4cF9F6120,429,2804
0xbDd70c3596ba43ECf252ADD6A76b4E8a5A187878,430,6519
0x66D2D5e248a41F6e50d20c55B8C2F867C41b9d36,431,6089
0x8EBeE0e7E85d7fbe88B16621aE8426b16074DEEB,432,2571
0x7d40580d1Ec0e10dFFBf2C6E0be48DD088b4cFFe,433,751
0x1d09d77FEDd6DD6A7C38FF4A0188f8645e31f9eb,434,3674
0xfd1aEfe52E17c15C069BB743BC36D30708dE73C9,435,6032
0x05BeCEdAC8b810944760e7d6e18C86E5a01ccC50,436,3570
0xf3041cb1ce7EE43e243874DCF11FD666c7f7DcBa,437,5341
0xD6da53c6F165022D885687BcA8277f31A080eE98,438,3203
0xF365139Ed7A73fC6861F56C3A44A65C08d67FB41,439,4075
0x9CeC3Abd1723A08eB0969d557F26A9D765eafDfb,440,2802
0x01c77b06525aD5DBCB64cc037e3E72387D5ea233,441,3280
0x314d4918cf8048C4065C2aDd66473acA863B16ed,442,326
0x34D48a8bf6D2f8ea88fB976A5129D48d21176E95,443,4487
0x0b6AE10EA2c894464136A007916389A548FB3a02,444,2602
0xE8ADdfA1465D15193E40E460EB08f4F1Af25AdD8,445,4989
0xb243713032847dB966A05167b8a62FE60E38570D,446,4331
0x6F431089b0dc89e6865612945F36887280828009,447,1947
0x0311A5FFf7fFB1a4AB83F2aA9831FCd517846ab7,448,5070
0x4D26985d3CB37457e8eF3D5E44B14dfaD12880fC,449,1386
0xCb0CcB3BF6c29169c8D9b4a94F2b4D0678bc9345,450,1997
0x62270409E9DF6654568511b54717b1081C1215cA,451,7188
0xbAFB996fB0AeB6fCd63Fc5a9bEfaFb40eE2FcCdD,452,393
0x50D10f217B2add0CB8284803D0D5ed0F6bA1C804,453,5355
0xfbc1DBB5fb3AA4A1CE63C815FB22b5af03feAf01,454,6195
0x9b4D4757b386f51Cc89cCa72c2f9f67550EDF08E,455,444
0xF490135E5055E59b33A48A0C82a65eAEB41d0662,456,4949
0x8ea1ecebe9eFf2f1554E77131c53b120f1593253,457,1514
0xfb58534e8b18425837a2eB5cdD5a0Fa1B1A1Aa54,458,188
0x7e72b763fe8be50Cc365aA1cB1A5e43e85a71252,459,4762
0xF939E89EF00a494539eF75d257795878112c6c69,460,4733
0xe8dA910FF90A0F7bC724ae59793c46Ed3D1F5729,461,4570
0x7f680f8D4ccEB2b615fED9FeAAFd517012786cc6,462,1644
0xb50543EBfA33515230A197Bb4B08e5581a0eE067,463,1777
0x61dbdE64A3805838d7246028CD613Cb4206F21B1,464,3614
0xe2d2F8D0F83e849355f9a82C7bABf4F38E815713,465,161
0xe8CCd1650591b1aEf347Eb945311BDe622301aae,466,395
0x4F7B7dF8f7F1A58555166D2c31faBe81D9E86Ee3,467,3554
0xF25127d6b2D52dD3d7a2EBE95332a5FcFb4D1403,468,1348
0x4b5D9929BE4cCc982Bf1F7F24cC2cFFAA5f97BcE,469,3491
0x7A20B5b2dfDcfB5b2A60D4d35c824A8C1F25fbA1,470,337
0x984cb32ed4080f7e9Fbd7a096aa301408F6A49cE,471,3814
0x0561b99078C27931e65f64f3ed723f7e5dBC0A2c,472,1112
0x68a064CDEa66399559EA4FadaC6D8cC3712F5c56,473,1017
0x2ebb6c43E35266665Ad1e560Dd333BF4cB8325f5,474,6024
0x845fbD5e2869cD0b8030069326C7416028B08a0A,475,1515
0x2E4aBb31937d289f9F017E961ceB71D593bbF9c3,476,6766
0x334654741fBc977Fa28f506c19A41FbBD83aD27D,477,4
0x2BE3F273ce3e01B7efCdf8e5EEfcA484399e0869,478,1800
0xeb2539b7aC94914048796625D2a1e8cb984423ba,479,2540
0xe3956a4d8dec0E806300e416Fc45D31f45B56857,480,4910
0xd4db162de68285F55e2026A3152B5C46B1ce6f19,481,5607
0x4D99E4a537A6BAa72Ca750cd2D2B4aDbbE122EA1,482,5611
0x6C9E20930082fF7Ea41A9AaFeE7AF70C4A72cfA6,483,4886
0x558b615e2c388D5d686ebF18d51c4619098FcD3E,484,280
0x807c32945ac44e7E6713eb88e5Ef51cAb3629B11,485,3476
0x877Bcc73227e84A6E72ab08744eDAe9DB58933b5,486,5179
0xC2cfeF826387070106A254b73412e2dbD6b83220,487,6615
0x3B0b156EaF9784c325CA4c3fc492d72CFee7D4Db,488,2458
0x5747192e9E09F0ab1dbb43dc4F664F9B7A53ce51,489,2008
0x4baFC065967F49cf686B54b5cAE7f0ca0fC2bc9c,490,4120
0x2cfFE426bbd2DEB35b5cE18D1d9E592aB169a392,491,395
0x53B269a4EAE875470a79F70768cD5941364f8859,492,970
0x39912ad6d94F704a9184c6dfBacF4bfF5779286b,493,4843
0x9372eEbD5cD534B751100C0ABB3B6275688d2733,494,1320
0x876Ea0C0Dd5f8bd96a145bD89bCE8022708DBB09,495,1706
0x2004B70a688550446e856653fF72710B01738c95,496,3392
0xEff51AE8e9Df269fFD5859b143C35Fe4033f84F8,497,4476
0x1eB81A13Fb7CB2ae1714e9ff3e317dd71e4D1b7B,498,3982
0x7239Ca0D417b5A8712Cb9E10eF98Adee3D0bA27A,499,4603
0xC4Ffa4e98A2Fb37f0c439e6Ae7adC2c811C7a731,500,896
